{"accuracy": [0.9140999913215637, 0.9579333066940308, 0.9666666388511658, 0.9732000231742859, 0.9762333035469055, 0.9791333079338074, 0.9815833568572998, 0.9824166893959045, 0.984333336353302, 0.9849666953086853], "loss": [0.29318633675575256, 0.143939808011055, 0.10796603560447693, 0.08734806627035141, 0.07625722140073776, 0.06657647341489792, 0.05903288722038269, 0.0546158030629158, 0.04887391999363899, 0.04357309639453888], "val_accuracy": [0.9603999853134155, 0.9685999751091003, 0.9724000096321106, 0.9765999913215637, 0.9782000184059143, 0.9800000190734863, 0.9796000123023987, 0.9796000123023987, 0.9787999987602234, 0.9804999828338623], "val_loss": [0.1395118534564972, 0.10363040864467621, 0.08963795751333237, 0.07620356231927872, 0.06967657804489136, 0.06762076169252396, 0.0693330243229866, 0.06699133664369583, 0.06768213957548141, 0.06733264774084091]}